{"cameraMode":{"drawMode":0,"name":"Shaded","section":"Shading Mode"},"sceneLighting":false,"audioPlay":false,"sceneViewState":{"showFog":true,"showMaterialUpdate":false,"showSkybox":true,"showFlares":true,"showImageEffects":true,"showParticleSystems":true},"in2DMode":false,"pivot":{"x":-3.700000286102295,"y":62.31350326538086,"z":104.42280578613281},"rotation":{"x":-0.26192548871040347,"y":-0.5508485436439514,"z":0.18738682568073274,"w":-0.7699657082557678},"size":74.39420318603516,"orthographic":false}