{"cameraMode":{"drawMode":0,"name":"Shaded","section":"Shading Mode"},"sceneLighting":false,"audioPlay":false,"sceneViewState":{"showFog":true,"showMaterialUpdate":false,"showSkybox":true,"showFlares":true,"showImageEffects":true,"showParticleSystems":true},"in2DMode":false,"pivot":{"x":88.28821563720703,"y":50.30915451049805,"z":116.52140045166016},"rotation":{"x":0.05525999143719673,"y":-0.6669495701789856,"z":0.04971161112189293,"w":0.7413861155509949},"size":82.594970703125,"orthographic":false}